tweet_id,ID,task2
1130081762154090497,hasoc_2020_en_2713,NONE
1130048316807491584,hasoc_2020_en_3874,NONE
1123657766143504386,hasoc_2020_en_281,NONE
1126782963042013186,hasoc_2020_en_2026,PRFN
1130159113529434113,hasoc_2020_en_4023,PRFN
1126820921501679617,hasoc_2020_en_742,NONE
1123805971883732993,hasoc_2020_en_1747,PRFN
1127041965499895809,hasoc_2020_en_3102,PRFN
1123772564269084673,hasoc_2020_en_1449,NONE
1123693589693968385,hasoc_2020_en_3086,OFFN
1127041856464777216,hasoc_2020_en_4159,OFFN
1127051318789431296,hasoc_2020_en_1355,HATE
1130191069927399424,hasoc_2020_en_555,PRFN
1123621883885301765,hasoc_2020_en_4031,NONE
1126921039550660609,hasoc_2020_en_1129,PRFN
1130092617046249472,hasoc_2020_en_420,PRFN
1126813514373451776,hasoc_2020_en_524,NONE
1127003759605952513,hasoc_2020_en_2840,NONE
1130124393072476160,hasoc_2020_en_4736,NONE
1126910557964128256,hasoc_2020_en_4817,PRFN
1126894296634933248,hasoc_2020_en_2054,NONE
1123696945145503748,hasoc_2020_en_950,PRFN
1130178763843616768,hasoc_2020_en_3409,NONE
1126850130626236416,hasoc_2020_en_5213,NONE
1130077907584520193,hasoc_2020_en_4204,PRFN
1126930149566504960,hasoc_2020_en_16,PRFN
1123617559570313216,hasoc_2020_en_2595,PRFN
1126834724968763393,hasoc_2020_en_2902,PRFN
1123623309965438977,hasoc_2020_en_1154,NONE
1130243649701154822,hasoc_2020_en_1232,NONE
1126975288657813504,hasoc_2020_en_2589,NONE
1123674119747325953,hasoc_2020_en_1445,NONE
1126833768659083264,hasoc_2020_en_3669,NONE
1123550337439154177,hasoc_2020_en_1038,NONE
1126926865413890048,hasoc_2020_en_560,NONE
1123652309366575105,hasoc_2020_en_2010,PRFN
1123548588422901760,hasoc_2020_en_971,PRFN
1123746383410925568,hasoc_2020_en_2029,PRFN
1130270015104724994,hasoc_2020_en_3468,PRFN
1130296686679662593,hasoc_2020_en_5029,NONE
1123696072726077440,hasoc_2020_en_3765,PRFN
1130191527098163200,hasoc_2020_en_1435,PRFN
1126883060115496962,hasoc_2020_en_3849,PRFN
1126905600284057600,hasoc_2020_en_2203,PRFN
1126838097184997382,hasoc_2020_en_3944,NONE
1126991449294286848,hasoc_2020_en_4795,NONE
1130105325770510336,hasoc_2020_en_312,NONE
1123828923127795712,hasoc_2020_en_3175,NONE
1126945861425082369,hasoc_2020_en_2258,NONE
1126874180748705797,hasoc_2020_en_2859,OFFN
1123474898716852224,hasoc_2020_en_687,PRFN
1123494511278215170,hasoc_2020_en_5268,NONE
1126875040614637568,hasoc_2020_en_5015,NONE
1123812905080770566,hasoc_2020_en_3066,PRFN
1126801782875852801,hasoc_2020_en_931,PRFN
1123722513622732803,hasoc_2020_en_1140,NONE
1130321458251612161,hasoc_2020_en_4455,NONE
1123561645295505408,hasoc_2020_en_1017,NONE
1130312402736734215,hasoc_2020_en_3674,NONE
1126782447130226689,hasoc_2020_en_954,NONE
1130215594035470336,hasoc_2020_en_750,NONE
1126891952039809024,hasoc_2020_en_1634,PRFN
1130058735425085440,hasoc_2020_en_4813,PRFN
1126801325700808705,hasoc_2020_en_1657,NONE
1130221558319001600,hasoc_2020_en_319,NONE
1126841628780572672,hasoc_2020_en_4182,NONE
1126815267563163651,hasoc_2020_en_3413,NONE
1123622747920371712,hasoc_2020_en_3978,NONE
1123710723455111168,hasoc_2020_en_1171,PRFN
1130131997349875712,hasoc_2020_en_4784,NONE
1130008181482983424,hasoc_2020_en_1241,NONE
1123585905149739008,hasoc_2020_en_1888,NONE
1130042230855462912,hasoc_2020_en_574,NONE
1130226306254233601,hasoc_2020_en_1881,NONE
1123824305178071040,hasoc_2020_en_1433,NONE
1123808807245832192,hasoc_2020_en_5068,NONE
1123591877834493958,hasoc_2020_en_5141,PRFN
1130153992263229440,hasoc_2020_en_1361,NONE
1123479122360131584,hasoc_2020_en_1987,NONE
1123796073343012866,hasoc_2020_en_2794,PRFN
1123699147167678464,hasoc_2020_en_3936,PRFN
1123550387791966208,hasoc_2020_en_3825,NONE
1126854924732489730,hasoc_2020_en_3842,OFFN
1123625369368649728,hasoc_2020_en_2492,PRFN
1126935308535312385,hasoc_2020_en_3182,NONE
1126747391162347521,hasoc_2020_en_4048,NONE
1126805322864242688,hasoc_2020_en_1790,NONE
1130209415808847873,hasoc_2020_en_400,PRFN
1126926429227237378,hasoc_2020_en_3098,NONE
1123500827887452160,hasoc_2020_en_4515,PRFN
1123520251725893632,hasoc_2020_en_5113,NONE
1130174624073953280,hasoc_2020_en_4786,NONE
1123573032822374400,hasoc_2020_en_2741,PRFN
1126892925126873089,hasoc_2020_en_3325,HATE
1123612442527961088,hasoc_2020_en_2835,NONE
1130256798882115589,hasoc_2020_en_4310,NONE
1126875959163064323,hasoc_2020_en_1921,PRFN
1123513138169765890,hasoc_2020_en_4529,PRFN
1123770383214305280,hasoc_2020_en_4178,NONE
1127036949125050368,hasoc_2020_en_38,NONE
1130340089358430208,hasoc_2020_en_818,OFFN
1123736661010128896,hasoc_2020_en_4005,NONE
1130232769701908481,hasoc_2020_en_3960,NONE
1130170840794968065,hasoc_2020_en_3346,PRFN
1130170761090613256,hasoc_2020_en_3313,PRFN
1130150557140836353,hasoc_2020_en_407,OFFN
1130290034538455040,hasoc_2020_en_2777,PRFN
1123711033812639745,hasoc_2020_en_1779,NONE
1123595354912346112,hasoc_2020_en_1096,NONE
1123723314726305794,hasoc_2020_en_653,PRFN
1126977922663890946,hasoc_2020_en_1249,PRFN
1126762985567899648,hasoc_2020_en_2156,NONE
1126890614031888386,hasoc_2020_en_2104,NONE
1126782770116800512,hasoc_2020_en_2354,NONE
1130292920207040512,hasoc_2020_en_1579,OFFN
1123736627468226560,hasoc_2020_en_2989,PRFN
1123570663070031872,hasoc_2020_en_4440,NONE
1123784400582344705,hasoc_2020_en_1227,NONE
1123491948562735104,hasoc_2020_en_4625,NONE
1126947836933885952,hasoc_2020_en_4094,PRFN
1123641802643464192,hasoc_2020_en_3323,NONE
1130085939693465600,hasoc_2020_en_4933,PRFN
1123787147855769600,hasoc_2020_en_2055,PRFN
1130301459793436672,hasoc_2020_en_2132,PRFN
1127021576992350208,hasoc_2020_en_428,PRFN
1130058005645582336,hasoc_2020_en_3837,NONE
1123749877291286528,hasoc_2020_en_3333,NONE
1130110430247084033,hasoc_2020_en_1297,NONE
1123689718368149506,hasoc_2020_en_5133,PRFN
1123711834924703745,hasoc_2020_en_498,PRFN
1130279708136841217,hasoc_2020_en_3731,PRFN
1123701307213328388,hasoc_2020_en_1000,PRFN
1126773962052997120,hasoc_2020_en_2846,PRFN
1126921438001283073,hasoc_2020_en_2367,PRFN
1130264541550534658,hasoc_2020_en_4260,PRFN
1130285798295781376,hasoc_2020_en_4975,PRFN
1126975418693713924,hasoc_2020_en_5417,PRFN
1130211202603204608,hasoc_2020_en_4778,NONE
1126993806493089792,hasoc_2020_en_5301,PRFN
1123509556250734597,hasoc_2020_en_1735,NONE
1126874902198456326,hasoc_2020_en_836,NONE
1127052031837892608,hasoc_2020_en_1375,NONE
1126776042461339649,hasoc_2020_en_1428,NONE
1130117799614062597,hasoc_2020_en_5375,NONE
1130125408089853953,hasoc_2020_en_4953,PRFN
1123818810643972096,hasoc_2020_en_3486,NONE
1123730109536657413,hasoc_2020_en_497,OFFN
1123788905281740806,hasoc_2020_en_2326,NONE
1126963376855425024,hasoc_2020_en_5255,PRFN
1130349962754179072,hasoc_2020_en_702,PRFN
1126776579307139073,hasoc_2020_en_1633,NONE
1130347970442932225,hasoc_2020_en_605,NONE
1126911401006718978,hasoc_2020_en_1394,NONE
1123649683732279297,hasoc_2020_en_262,PRFN
1130078528345706498,hasoc_2020_en_981,NONE
1130034806937595904,hasoc_2020_en_3687,NONE
1130217552741896192,hasoc_2020_en_3119,NONE
1126818371360763904,hasoc_2020_en_2929,PRFN
1127008281073942528,hasoc_2020_en_3149,NONE
1123774233593753602,hasoc_2020_en_3198,NONE
1123731464259022848,hasoc_2020_en_2790,PRFN
1123710828304269312,hasoc_2020_en_3400,NONE
1126836574656827392,hasoc_2020_en_4370,NONE
1127090330031906816,hasoc_2020_en_4826,OFFN
1123746211431952390,hasoc_2020_en_4591,PRFN
1130145154898071552,hasoc_2020_en_3013,PRFN
1127056997877202946,hasoc_2020_en_3336,NONE
1123600098682970114,hasoc_2020_en_4146,PRFN
1127020717147508738,hasoc_2020_en_3494,NONE
1126978631522295808,hasoc_2020_en_2594,OFFN
1126917050729787392,hasoc_2020_en_2913,NONE
1130294455330754561,hasoc_2020_en_2361,NONE
1130321214982041600,hasoc_2020_en_4543,PRFN
1123748711258054657,hasoc_2020_en_3816,NONE
1123806743656636416,hasoc_2020_en_1332,PRFN
1130310515333275649,hasoc_2020_en_3811,PRFN
1130048782362660864,hasoc_2020_en_2400,NONE
1127088966887530496,hasoc_2020_en_1127,NONE
1126925217043869696,hasoc_2020_en_1571,NONE
1123757309568659457,hasoc_2020_en_1972,NONE
1123823768323919872,hasoc_2020_en_29,PRFN
1123572483372638209,hasoc_2020_en_1582,NONE
1127007609981005824,hasoc_2020_en_857,PRFN
1123599217874939905,hasoc_2020_en_2355,NONE
1123681459791892483,hasoc_2020_en_171,NONE
1123646626109640704,hasoc_2020_en_3608,NONE
1130086271026470912,hasoc_2020_en_1134,NONE
1126751879046647809,hasoc_2020_en_3300,PRFN
1130130575459803136,hasoc_2020_en_1351,NONE
1127042166855856128,hasoc_2020_en_5314,PRFN
1123697616263548928,hasoc_2020_en_367,NONE
1127016648693542912,hasoc_2020_en_1114,NONE
1130236670400434176,hasoc_2020_en_2482,PRFN
1126849132394680320,hasoc_2020_en_4243,NONE
1123819251041697796,hasoc_2020_en_4499,NONE
1126868057064763392,hasoc_2020_en_2743,NONE
1123570004547575808,hasoc_2020_en_329,NONE
1130134350333435910,hasoc_2020_en_1834,PRFN
1127079479359107072,hasoc_2020_en_3790,PRFN
1123712292095451136,hasoc_2020_en_937,NONE
1123771154991407104,hasoc_2020_en_3415,HATE
1123750284122103809,hasoc_2020_en_3241,PRFN
1130043661125869574,hasoc_2020_en_2336,PRFN
1130292077168873478,hasoc_2020_en_5099,PRFN
1123638845650677760,hasoc_2020_en_40,NONE
1130245432292986881,hasoc_2020_en_5092,NONE
1123640208799555585,hasoc_2020_en_4578,NONE
1123559820760510466,hasoc_2020_en_1887,PRFN
1130340542317883393,hasoc_2020_en_2596,PRFN
1123643169982357504,hasoc_2020_en_2799,OFFN
1126860553480048642,hasoc_2020_en_3434,NONE
1130004767328100353,hasoc_2020_en_2266,PRFN
1123697683338878977,hasoc_2020_en_2189,PRFN
1126846699673141248,hasoc_2020_en_1590,NONE
1126884704270147586,hasoc_2020_en_5400,NONE
1130142277576331265,hasoc_2020_en_728,NONE
1126963284563955713,hasoc_2020_en_3857,PRFN
1130079555946012673,hasoc_2020_en_1846,NONE
1123664921630269440,hasoc_2020_en_2181,NONE
1126999980508631040,hasoc_2020_en_1964,PRFN
1123572756019318784,hasoc_2020_en_3865,NONE
1126928127899443201,hasoc_2020_en_2625,OFFN
1123677076740018177,hasoc_2020_en_3166,PRFN
1126875472606814208,hasoc_2020_en_2497,NONE
1130331667191795713,hasoc_2020_en_5126,PRFN
1126836583020355584,hasoc_2020_en_4137,NONE
1123491411675045889,hasoc_2020_en_4396,PRFN
1126976320452349953,hasoc_2020_en_3363,NONE
1130278441461387265,hasoc_2020_en_2947,NONE
1130169301493854209,hasoc_2020_en_1967,PRFN
1123756525233811456,hasoc_2020_en_5086,PRFN
1127058805659881473,hasoc_2020_en_4334,NONE
1126812939732889600,hasoc_2020_en_4308,PRFN
1126938592704700416,hasoc_2020_en_1367,NONE
1123737608922775553,hasoc_2020_en_4912,PRFN
1123756743345963009,hasoc_2020_en_3356,PRFN
1130140100761935872,hasoc_2020_en_958,PRFN
1130304970454994944,hasoc_2020_en_2888,NONE
1126993164802363392,hasoc_2020_en_4463,PRFN
1126826101479739398,hasoc_2020_en_3041,NONE
1130300130236817414,hasoc_2020_en_2890,PRFN
1123661507492044804,hasoc_2020_en_758,NONE
1126745306580656130,hasoc_2020_en_976,NONE
1123604930500206592,hasoc_2020_en_1700,NONE
1130272221325385728,hasoc_2020_en_4326,NONE
1123779925285199874,hasoc_2020_en_3196,PRFN
1123592498578747397,hasoc_2020_en_2207,NONE
1123529961514655744,hasoc_2020_en_2946,NONE
1127011292579950592,hasoc_2020_en_3593,NONE
1126856757614137344,hasoc_2020_en_3384,NONE
1123587272476123136,hasoc_2020_en_1688,PRFN
1123518116812795904,hasoc_2020_en_5006,NONE
1123639420274597888,hasoc_2020_en_5171,NONE
1126960474380210178,hasoc_2020_en_4533,PRFN
1123649419495211008,hasoc_2020_en_2897,PRFN
1123607182849736706,hasoc_2020_en_3793,PRFN
1123736635844255749,hasoc_2020_en_3775,NONE
1126810855167885312,hasoc_2020_en_208,NONE
1126747890271965184,hasoc_2020_en_3089,NONE
1130196082120638466,hasoc_2020_en_1598,PRFN
1130262377285541888,hasoc_2020_en_1930,PRFN
1127044855388082176,hasoc_2020_en_3921,NONE
1130176071075213312,hasoc_2020_en_4457,NONE
1130178315027750912,hasoc_2020_en_3534,PRFN
1123707191847002115,hasoc_2020_en_3897,NONE
1123588815992438784,hasoc_2020_en_4385,NONE
1123591370331934722,hasoc_2020_en_1058,NONE
1130157037348954113,hasoc_2020_en_3297,NONE
1123546159908311043,hasoc_2020_en_1342,PRFN
1130141438740770816,hasoc_2020_en_258,NONE
1123598580323966976,hasoc_2020_en_1858,NONE
1123780244018745350,hasoc_2020_en_837,NONE
1130331121932279808,hasoc_2020_en_1810,PRFN
1130283936003682306,hasoc_2020_en_4275,NONE
1127001977014116354,hasoc_2020_en_2791,PRFN
1126857189627445249,hasoc_2020_en_2281,PRFN
1127086546757324801,hasoc_2020_en_3014,NONE
1126919584106405891,hasoc_2020_en_5193,PRFN
1127049674622423042,hasoc_2020_en_4742,PRFN
1123785516279894016,hasoc_2020_en_2267,PRFN
1127040661092327424,hasoc_2020_en_550,PRFN
1126945496512253952,hasoc_2020_en_3362,PRFN
1126978690246512640,hasoc_2020_en_4460,NONE
1126922700461502465,hasoc_2020_en_5148,NONE
1126952933034270720,hasoc_2020_en_2187,NONE
1123733506897715200,hasoc_2020_en_664,PRFN
1123710467585794050,hasoc_2020_en_2541,NONE
1130195025160228870,hasoc_2020_en_3157,PRFN
1126898918778863617,hasoc_2020_en_2630,PRFN
1123824254850609152,hasoc_2020_en_3502,PRFN
1130066163566874625,hasoc_2020_en_3245,NONE
1130306220349415424,hasoc_2020_en_2168,NONE
1123700313200967681,hasoc_2020_en_1912,OFFN
1130162489948299265,hasoc_2020_en_2377,PRFN
1123576396666875912,hasoc_2020_en_4410,PRFN
1126751883257757697,hasoc_2020_en_4088,PRFN
1130092763847024640,hasoc_2020_en_2131,NONE
1126792156943773696,hasoc_2020_en_3951,NONE
1123718965237358594,hasoc_2020_en_3347,PRFN
1123639973918302208,hasoc_2020_en_2195,NONE
1123639705491341313,hasoc_2020_en_3314,NONE
1126915335293218821,hasoc_2020_en_1167,NONE
1123493538208129024,hasoc_2020_en_521,NONE
1126936856266969090,hasoc_2020_en_4109,NONE
1123702607472746498,hasoc_2020_en_1506,NONE
1126821424797061120,hasoc_2020_en_1616,PRFN
1130336192837423104,hasoc_2020_en_5037,PRFN
1130184845563486208,hasoc_2020_en_3327,PRFN
1123690913744683008,hasoc_2020_en_1622,NONE
1123695724602982405,hasoc_2020_en_3093,NONE
1130164062816485377,hasoc_2020_en_3153,NONE
1123692666951225346,hasoc_2020_en_2868,OFFN
1123701525333839881,hasoc_2020_en_508,NONE
1123737843795406849,hasoc_2020_en_5166,PRFN
1126915188459016193,hasoc_2020_en_4816,NONE
1130188305868345344,hasoc_2020_en_3377,PRFN
1126740097250934784,hasoc_2020_en_263,NONE
1123652175140356097,hasoc_2020_en_3261,PRFN
1123709863618650113,hasoc_2020_en_2828,PRFN
1123688363624628224,hasoc_2020_en_815,NONE
1130319998617083905,hasoc_2020_en_1072,PRFN
1127087607924576262,hasoc_2020_en_2028,NONE
1127080519550717952,hasoc_2020_en_2850,NONE
1130137294768230401,hasoc_2020_en_4187,NONE
1123692843116187648,hasoc_2020_en_800,NONE
1123635175651532800,hasoc_2020_en_724,PRFN
1130266751931944960,hasoc_2020_en_1304,PRFN
1126765485398286340,hasoc_2020_en_1587,NONE
1127040031938502656,hasoc_2020_en_4219,PRFN
1123684441942036481,hasoc_2020_en_5220,NONE
1127048957429997568,hasoc_2020_en_924,NONE
1130240004855218176,hasoc_2020_en_4390,PRFN
1126792823846637570,hasoc_2020_en_803,NONE
1123651738953756672,hasoc_2020_en_3622,NONE
1126976068802498560,hasoc_2020_en_4418,NONE
1126986273560965120,hasoc_2020_en_4895,NONE
1123614095079428097,hasoc_2020_en_1965,NONE
1123716343818268673,hasoc_2020_en_1724,PRFN
1126849086248955905,hasoc_2020_en_1442,NONE
1130223827445792769,hasoc_2020_en_300,NONE
1126871261538324481,hasoc_2020_en_485,PRFN
1130270803646406658,hasoc_2020_en_2224,NONE
1126966711310323712,hasoc_2020_en_572,NONE
1123740670756306946,hasoc_2020_en_1110,NONE
1126866282886963201,hasoc_2020_en_4189,PRFN
1130245650396921856,hasoc_2020_en_5167,NONE
1130342392039641088,hasoc_2020_en_4431,PRFN
1130316328626139137,hasoc_2020_en_1144,OFFN
1130206957934137344,hasoc_2020_en_4885,NONE
1126975703893839872,hasoc_2020_en_573,NONE
1126996524439887872,hasoc_2020_en_4425,PRFN
1123795494541590531,hasoc_2020_en_1920,PRFN
1130051043079774208,hasoc_2020_en_868,PRFN
1126853054056271872,hasoc_2020_en_2992,NONE
1126945295194120192,hasoc_2020_en_3537,NONE
1123774762071855105,hasoc_2020_en_4144,PRFN
1123630209591169025,hasoc_2020_en_1108,NONE
1123528355117060096,hasoc_2020_en_1559,NONE
1130031686383742976,hasoc_2020_en_3168,PRFN
1130340831750234117,hasoc_2020_en_376,NONE
1123817611089928193,hasoc_2020_en_3350,PRFN
1126983576623439872,hasoc_2020_en_5321,NONE
1126856220776779784,hasoc_2020_en_4520,PRFN
1123592909620641792,hasoc_2020_en_2803,NONE
1130165971191250945,hasoc_2020_en_3484,PRFN
1123763961755840512,hasoc_2020_en_1030,NONE
1123771821852102656,hasoc_2020_en_2096,PRFN
1126960654718521344,hasoc_2020_en_2490,PRFN
1123719103657725957,hasoc_2020_en_3080,PRFN
1123785495304077313,hasoc_2020_en_5397,NONE
1126963703973318656,hasoc_2020_en_3099,NONE
1126864319973478401,hasoc_2020_en_577,PRFN
1130201530504663040,hasoc_2020_en_176,NONE
1130216273508491264,hasoc_2020_en_3005,NONE
1127000152475099136,hasoc_2020_en_1041,NONE
1123692985739296771,hasoc_2020_en_3510,NONE
1127038207407874048,hasoc_2020_en_3410,PRFN
1123786627753627650,hasoc_2020_en_3699,NONE
1127011879748898816,hasoc_2020_en_617,PRFN
1123655895492120581,hasoc_2020_en_3872,NONE
1127014744467046402,hasoc_2020_en_1214,PRFN
1126957601277739014,hasoc_2020_en_4008,NONE
1126776386390089728,hasoc_2020_en_169,NONE
1123585053722804224,hasoc_2020_en_3478,HATE
1123748459608248322,hasoc_2020_en_4172,NONE
1127050412845084674,hasoc_2020_en_2545,PRFN
1123732001150910464,hasoc_2020_en_2293,OFFN
1126936856245997568,hasoc_2020_en_4648,NONE
1126920552982171649,hasoc_2020_en_181,PRFN
1130251161729036289,hasoc_2020_en_3909,PRFN
1123569564149788672,hasoc_2020_en_538,PRFN
1127015491044769792,hasoc_2020_en_5072,NONE
1130288302270160896,hasoc_2020_en_1856,PRFN
1126748930459308032,hasoc_2020_en_769,NONE
1130322787854409733,hasoc_2020_en_4234,NONE
1130226285299421185,hasoc_2020_en_1667,NONE
1126768656258441216,hasoc_2020_en_905,NONE
1123644939966062594,hasoc_2020_en_3437,PRFN
1123511829546840064,hasoc_2020_en_2438,NONE
1126857252550389760,hasoc_2020_en_705,PRFN
1126871626421755904,hasoc_2020_en_3178,NONE
1127069715006758912,hasoc_2020_en_2871,PRFN
1130305347942604802,hasoc_2020_en_4371,PRFN
1126977767487213573,hasoc_2020_en_1583,OFFN
1127070868448747520,hasoc_2020_en_3504,NONE
1127017965709172736,hasoc_2020_en_4530,NONE
1123608839620911112,hasoc_2020_en_4072,PRFN
1123693363205693444,hasoc_2020_en_2375,PRFN
1130337920886423552,hasoc_2020_en_5035,PRFN
1130300130228359168,hasoc_2020_en_1527,PRFN
1126894342793256961,hasoc_2020_en_2173,PRFN
1130198095399071744,hasoc_2020_en_746,NONE
1126835681236594692,hasoc_2020_en_84,PRFN
1123572785387753475,hasoc_2020_en_1203,NONE
1123604917950795779,hasoc_2020_en_429,NONE
1130045351409389568,hasoc_2020_en_2881,NONE
1127043156703416325,hasoc_2020_en_5376,HATE
1130135113730273284,hasoc_2020_en_5189,PRFN
1130280253417562112,hasoc_2020_en_897,PRFN
1127074907559538688,hasoc_2020_en_217,NONE
1130244870269018113,hasoc_2020_en_1851,PRFN
1123773658974052354,hasoc_2020_en_4934,NONE
1130175160932282369,hasoc_2020_en_5353,PRFN
1127087217871134721,hasoc_2020_en_3295,OFFN
1126824402753130496,hasoc_2020_en_4384,NONE
1130269595691048960,hasoc_2020_en_674,PRFN
1126901997389664261,hasoc_2020_en_3160,NONE
1123613663074635778,hasoc_2020_en_3254,NONE
1126861308463329281,hasoc_2020_en_2170,PRFN
1130194630904045568,hasoc_2020_en_4181,NONE
1123565596342398977,hasoc_2020_en_4927,NONE
1126744270583418880,hasoc_2020_en_1619,PRFN
1130235667953389568,hasoc_2020_en_4670,NONE
1123575830427459584,hasoc_2020_en_1909,PRFN
1123671133419708417,hasoc_2020_en_68,PRFN
1123697259722563589,hasoc_2020_en_4853,NONE
1130213551380094976,hasoc_2020_en_216,NONE
1130159411320647681,hasoc_2020_en_2237,OFFN
1123504430790234112,hasoc_2020_en_2643,OFFN
1130296749619404800,hasoc_2020_en_2972,PRFN
1130123063469588480,hasoc_2020_en_4614,NONE
1126998483146354689,hasoc_2020_en_3854,NONE
1123716553508311041,hasoc_2020_en_773,NONE
1130308145543360512,hasoc_2020_en_2386,HATE
1123511250741276673,hasoc_2020_en_3630,PRFN
1126813430453821440,hasoc_2020_en_50,NONE
1130165048469532673,hasoc_2020_en_3812,PRFN
1123828411435294721,hasoc_2020_en_1055,NONE
1126950110250840064,hasoc_2020_en_1344,NONE
1123782865492303873,hasoc_2020_en_4508,NONE
1123631220393435137,hasoc_2020_en_2960,PRFN
1126843138721579008,hasoc_2020_en_2032,NONE
1123808035498070016,hasoc_2020_en_5253,PRFN
1130126829950590980,hasoc_2020_en_2856,NONE
1123707783239667712,hasoc_2020_en_2554,OFFN
1130118000961626112,hasoc_2020_en_4338,NONE
1130313602303447040,hasoc_2020_en_1097,NONE
1127086454503559169,hasoc_2020_en_4994,PRFN
1130205292824866817,hasoc_2020_en_896,NONE
1130211185805053952,hasoc_2020_en_4286,NONE
1126821236078665728,hasoc_2020_en_5102,NONE
1126969852831391744,hasoc_2020_en_1761,PRFN
1123756693018632192,hasoc_2020_en_2638,NONE
1127050681272107008,hasoc_2020_en_641,NONE
1127053415975202816,hasoc_2020_en_2037,HATE
1126942585690284032,hasoc_2020_en_1075,NONE
1126933278513074177,hasoc_2020_en_4367,NONE
1123599171745923072,hasoc_2020_en_1405,PRFN
1130156349466271745,hasoc_2020_en_3642,NONE
1123691500955684870,hasoc_2020_en_4102,NONE
1123673067002183680,hasoc_2020_en_616,NONE
1123649314625085441,hasoc_2020_en_3625,NONE
1123617500858658818,hasoc_2020_en_2084,PRFN
1130244249491058688,hasoc_2020_en_1975,NONE
1130103631271927808,hasoc_2020_en_1543,PRFN
1130094735161528320,hasoc_2020_en_5408,NONE
1130240789215416320,hasoc_2020_en_1360,PRFN
1130218144176513026,hasoc_2020_en_5369,PRFN
1123780160136851460,hasoc_2020_en_3741,NONE
1123817845987655680,hasoc_2020_en_1594,NONE
1126916048312311809,hasoc_2020_en_2358,NONE
1126828022445805571,hasoc_2020_en_17,NONE
1126850017401110531,hasoc_2020_en_1869,NONE
1123579940870459392,hasoc_2020_en_1223,PRFN
1123538387879759872,hasoc_2020_en_5352,PRFN
1129997657995264006,hasoc_2020_en_1803,NONE
1130322850756419584,hasoc_2020_en_79,OFFN
1126837363164889088,hasoc_2020_en_3469,PRFN
1130003848762937344,hasoc_2020_en_1541,NONE
1123650627446423552,hasoc_2020_en_1669,NONE
1130196480587968512,hasoc_2020_en_219,NONE
1123616993347756032,hasoc_2020_en_3596,PRFN
1126945366501462019,hasoc_2020_en_2455,NONE
1130283202000637952,hasoc_2020_en_4120,PRFN
1126774410864615424,hasoc_2020_en_4800,NONE
1126845051340935169,hasoc_2020_en_5076,PRFN
1123666242861260810,hasoc_2020_en_669,NONE
1126973694805299200,hasoc_2020_en_1491,PRFN
1130264789018710017,hasoc_2020_en_131,PRFN
1130027315893821440,hasoc_2020_en_3518,NONE
1123551847388733441,hasoc_2020_en_66,PRFN
1130196614788845574,hasoc_2020_en_2350,NONE
1126933697951825920,hasoc_2020_en_3834,NONE
1130142315329327105,hasoc_2020_en_4245,PRFN
1123776100063170561,hasoc_2020_en_695,NONE
1127040375888257025,hasoc_2020_en_5421,NONE
1127012148197175297,hasoc_2020_en_2333,NONE
1126909320627724288,hasoc_2020_en_5129,NONE
1126768681420083200,hasoc_2020_en_458,NONE
1123605542864396289,hasoc_2020_en_1676,NONE
1123689517033115648,hasoc_2020_en_2514,OFFN
1123721376957980672,hasoc_2020_en_271,PRFN
1126919277943054336,hasoc_2020_en_911,NONE
1123755690592485383,hasoc_2020_en_3167,PRFN
1126861593675874304,hasoc_2020_en_494,NONE
1123713416177254401,hasoc_2020_en_182,PRFN
1126972113561235462,hasoc_2020_en_2631,NONE
1130309638723969024,hasoc_2020_en_2572,PRFN
1127047766222356480,hasoc_2020_en_944,NONE
1130133998032658432,hasoc_2020_en_4291,NONE
1127028417893892097,hasoc_2020_en_3754,NONE
1130095519500521472,hasoc_2020_en_2100,NONE
1127029340645023744,hasoc_2020_en_4112,PRFN
1130307797395169280,hasoc_2020_en_1844,PRFN
1123486084896362497,hasoc_2020_en_1437,NONE
1126827510749114370,hasoc_2020_en_2786,PRFN
1123746148538302465,hasoc_2020_en_2577,NONE
1126991168301142016,hasoc_2020_en_1208,OFFN
1127015759513677825,hasoc_2020_en_1908,NONE
1130117044660244481,hasoc_2020_en_3359,NONE
1123758123288805387,hasoc_2020_en_1843,PRFN
1123739588651028480,hasoc_2020_en_5109,OFFN
1126848297702838272,hasoc_2020_en_1551,PRFN
1123474856740302849,hasoc_2020_en_4298,PRFN
1130203950630789121,hasoc_2020_en_140,PRFN
1123545014880096256,hasoc_2020_en_1713,NONE
1123777656141512705,hasoc_2020_en_12,OFFN
1127053340465074181,hasoc_2020_en_3940,NONE
1127001389802983424,hasoc_2020_en_2670,PRFN
1123756005140127746,hasoc_2020_en_1828,PRFN
1130167456012673024,hasoc_2020_en_4314,PRFN
1130095683061583874,hasoc_2020_en_4982,PRFN
1123616234162016256,hasoc_2020_en_200,NONE
1126786012301053952,hasoc_2020_en_918,NONE
1123648421246709762,hasoc_2020_en_3272,NONE
1126737865889566721,hasoc_2020_en_1777,NONE
1126935010760519680,hasoc_2020_en_4560,NONE
1123707896485826568,hasoc_2020_en_1689,NONE
1126986953012830208,hasoc_2020_en_4327,NONE
1126839498082537472,hasoc_2020_en_3276,PRFN
1123634269664845827,hasoc_2020_en_2550,NONE
1123506012059766785,hasoc_2020_en_4190,NONE
1123634752031023106,hasoc_2020_en_1711,NONE
1130155699365982208,hasoc_2020_en_1666,NONE
1130222283937726465,hasoc_2020_en_5230,PRFN
1123758785988788224,hasoc_2020_en_4063,NONE
1123564732286414848,hasoc_2020_en_3037,NONE
1127013679134838785,hasoc_2020_en_265,PRFN
1130345411904806912,hasoc_2020_en_855,NONE
1127053592119128064,hasoc_2020_en_1833,PRFN
1123764376975093760,hasoc_2020_en_4991,OFFN
1126989016631513089,hasoc_2020_en_686,PRFN
1123624052357120000,hasoc_2020_en_470,OFFN
1123718076061634565,hasoc_2020_en_3652,NONE
1123537624520695809,hasoc_2020_en_3991,PRFN
1123809830664376327,hasoc_2020_en_3451,NONE
1127063247415386112,hasoc_2020_en_374,PRFN
1126850680092753921,hasoc_2020_en_2444,NONE
1126743708542484480,hasoc_2020_en_1949,NONE
1126895399770263552,hasoc_2020_en_121,NONE
1130152243259486208,hasoc_2020_en_1475,NONE
1130236305496072197,hasoc_2020_en_3454,NONE
1123777626798219267,hasoc_2020_en_1326,PRFN
1123809474135953408,hasoc_2020_en_3586,NONE
1123679513622339584,hasoc_2020_en_1613,NONE
1126762478078054402,hasoc_2020_en_462,NONE
1123544184420491264,hasoc_2020_en_3784,NONE
1123491227108892677,hasoc_2020_en_2202,HATE
1123598328673992705,hasoc_2020_en_4650,NONE
1130313182877061120,hasoc_2020_en_2240,NONE
1123698702584094720,hasoc_2020_en_4244,PRFN
1123702238373994499,hasoc_2020_en_4755,PRFN
1123537393817145345,hasoc_2020_en_1067,NONE
1123733175572795392,hasoc_2020_en_4387,PRFN
1123679035492638721,hasoc_2020_en_3114,PRFN
1123780990613295106,hasoc_2020_en_2404,PRFN
1123807167277084673,hasoc_2020_en_1531,PRFN
1127032104720764928,hasoc_2020_en_2392,PRFN
1123721729292087296,hasoc_2020_en_3361,PRFN
1127002354484699137,hasoc_2020_en_1611,NONE
1127047392946208768,hasoc_2020_en_4220,NONE
1126762968807378949,hasoc_2020_en_4500,PRFN
1130201962547437570,hasoc_2020_en_2303,PRFN
1123751861167767552,hasoc_2020_en_3517,PRFN
1123545216189915136,hasoc_2020_en_804,PRFN
1130186586220572672,hasoc_2020_en_4992,PRFN
1130129703065542657,hasoc_2020_en_3670,PRFN
1123808459114389506,hasoc_2020_en_4007,NONE
1123511187805577216,hasoc_2020_en_307,NONE
1127044280747536386,hasoc_2020_en_1302,NONE
1130243955919081478,hasoc_2020_en_3603,PRFN
1126920926266839044,hasoc_2020_en_2603,PRFN
1127068318320427008,hasoc_2020_en_4482,NONE
1130222615270838272,hasoc_2020_en_4989,NONE
1123551230851145729,hasoc_2020_en_4765,NONE
1126910847358504961,hasoc_2020_en_3131,NONE
1130230508980453381,hasoc_2020_en_2290,NONE
1126955256657661953,hasoc_2020_en_286,PRFN
1126822498568429568,hasoc_2020_en_3117,NONE
1127086647441379328,hasoc_2020_en_3589,NONE
1126956041017733120,hasoc_2020_en_399,NONE
1130228306941497347,hasoc_2020_en_3393,NONE
1130139287066955776,hasoc_2020_en_5024,NONE
1123606989920186377,hasoc_2020_en_4978,NONE
1123708890514952193,hasoc_2020_en_3520,PRFN
1123754235139641344,hasoc_2020_en_333,PRFN
1127083233286467584,hasoc_2020_en_1544,PRFN
1130044747446231040,hasoc_2020_en_912,NONE
1126848654243921921,hasoc_2020_en_2658,NONE
1127009103136604161,hasoc_2020_en_2765,NONE
1127055462787092480,hasoc_2020_en_4279,NONE
1123499456354066433,hasoc_2020_en_178,NONE
1123553659323858944,hasoc_2020_en_4043,NONE
1123648748423450631,hasoc_2020_en_5074,NONE
1127036978472550402,hasoc_2020_en_3850,NONE
1130220908193419265,hasoc_2020_en_86,NONE
1130187336984059904,hasoc_2020_en_2044,NONE
1123769913443799047,hasoc_2020_en_3795,PRFN
1127046419863314432,hasoc_2020_en_3209,NONE
1130240025843490816,hasoc_2020_en_1345,NONE
1130102041626468352,hasoc_2020_en_4585,NONE
1123673733892399106,hasoc_2020_en_1748,NONE
1130173286074265601,hasoc_2020_en_2260,NONE
1130072442444107776,hasoc_2020_en_4659,PRFN
1130210250496335873,hasoc_2020_en_1814,PRFN
1126789850101964800,hasoc_2020_en_3583,PRFN
1130056608942383104,hasoc_2020_en_3817,PRFN
1123697016448663560,hasoc_2020_en_4724,PRFN
1123774774646386689,hasoc_2020_en_331,NONE
1126757679769079808,hasoc_2020_en_2736,NONE
1123753291421290499,hasoc_2020_en_363,PRFN
1130312545342910464,hasoc_2020_en_2356,PRFN
1123707200227221504,hasoc_2020_en_3230,NONE
1130140176246820864,hasoc_2020_en_3738,NONE
1126953532786135040,hasoc_2020_en_830,PRFN
1123665177486950401,hasoc_2020_en_2197,NONE
1123550022895751169,hasoc_2020_en_1589,NONE
1127052400920076288,hasoc_2020_en_797,HATE
1126762750703628288,hasoc_2020_en_2081,PRFN
1126894577653305344,hasoc_2020_en_5026,NONE
1123756848199479297,hasoc_2020_en_32,NONE
1130152390038974464,hasoc_2020_en_2860,NONE
1127051016837435392,hasoc_2020_en_4758,NONE
1123661381667098630,hasoc_2020_en_4684,PRFN
1130322540369522688,hasoc_2020_en_2111,NONE
1123715886647533568,hasoc_2020_en_1548,NONE
1126982691608584195,hasoc_2020_en_4010,NONE
1126742538348425216,hasoc_2020_en_3161,NONE
1123572277851766784,hasoc_2020_en_3823,NONE
1130300407056674821,hasoc_2020_en_4452,NONE
1130179204253978624,hasoc_2020_en_3651,PRFN
1130279230003191809,hasoc_2020_en_4606,PRFN
1130318199289982976,hasoc_2020_en_4618,NONE
1130168097703260160,hasoc_2020_en_4114,NONE
1123791300212482048,hasoc_2020_en_1466,PRFN
1126972407166656512,hasoc_2020_en_2434,PRFN
1123766746748530690,hasoc_2020_en_4375,NONE
1123710744413995009,hasoc_2020_en_4637,NONE
1123716788414447621,hasoc_2020_en_590,NONE
1130061465920999425,hasoc_2020_en_551,NONE
1127084772575055877,hasoc_2020_en_3174,NONE
1130007220979228672,hasoc_2020_en_4825,OFFN
1126946910013620224,hasoc_2020_en_1315,NONE
1126829373036879872,hasoc_2020_en_3147,NONE
1130154382341885957,hasoc_2020_en_3904,PRFN
1123480980457689099,hasoc_2020_en_4062,NONE
1127083463943831553,hasoc_2020_en_4592,NONE
1127004812346785793,hasoc_2020_en_356,OFFN
1126888567228080129,hasoc_2020_en_4090,OFFN
1126753187661209601,hasoc_2020_en_4209,PRFN
1126821412235370496,hasoc_2020_en_5364,NONE
1123535162468327424,hasoc_2020_en_5192,OFFN
1130200091854299142,hasoc_2020_en_4955,PRFN
1123733162985775105,hasoc_2020_en_2714,NONE
1123649083942375424,hasoc_2020_en_4483,NONE
1123785927309045761,hasoc_2020_en_948,HATE
1123800800323604480,hasoc_2020_en_2234,NONE
1130311375157379073,hasoc_2020_en_1386,PRFN
1126934767507611651,hasoc_2020_en_3876,PRFN
1126913313605136389,hasoc_2020_en_4506,PRFN
1126982989387304961,hasoc_2020_en_3068,PRFN
1123715983108079617,hasoc_2020_en_2445,NONE
1126965700487274497,hasoc_2020_en_597,NONE
1123646135372062720,hasoc_2020_en_99,NONE
1127044096202133504,hasoc_2020_en_1557,PRFN
1130333852403163137,hasoc_2020_en_619,PRFN
1130003148314071040,hasoc_2020_en_5131,PRFN
1123654196807512064,hasoc_2020_en_5293,NONE
1130011973146439680,hasoc_2020_en_1903,NONE
1123739777373745155,hasoc_2020_en_1040,NONE
1130279401952665600,hasoc_2020_en_699,NONE
1123575855609860096,hasoc_2020_en_1678,PRFN
1126981483636203520,hasoc_2020_en_2898,NONE
1126755972683141120,hasoc_2020_en_361,PRFN
1130213253605482504,hasoc_2020_en_481,PRFN
1130159503599689730,hasoc_2020_en_3318,PRFN
1130304689440997382,hasoc_2020_en_4803,PRFN
1126930438986006529,hasoc_2020_en_1601,NONE
1130215287821864960,hasoc_2020_en_595,NONE
1126988970477228032,hasoc_2020_en_4952,NONE
1127074039359361024,hasoc_2020_en_3514,PRFN
1123601147246317569,hasoc_2020_en_5165,NONE
1123804621309452293,hasoc_2020_en_4622,PRFN
1130185395017322497,hasoc_2020_en_1660,NONE
1127070428067979265,hasoc_2020_en_2052,NONE
1123511007454871552,hasoc_2020_en_2449,PRFN
1130265405589581824,hasoc_2020_en_4195,NONE
1126859823658594306,hasoc_2020_en_1062,NONE
1126886260382027776,hasoc_2020_en_4487,PRFN
1123726464652849153,hasoc_2020_en_4689,NONE
1123673918424920069,hasoc_2020_en_1478,NONE
1126887837440385026,hasoc_2020_en_3212,PRFN
1130217737320583168,hasoc_2020_en_264,PRFN
1127054703605485569,hasoc_2020_en_3609,PRFN
1130297634625691648,hasoc_2020_en_592,PRFN
1130206349781065730,hasoc_2020_en_3564,NONE
1126871899059961858,hasoc_2020_en_1280,PRFN
1130137886156894209,hasoc_2020_en_4230,NONE
1123618218059243520,hasoc_2020_en_2870,PRFN
1130277858474115073,hasoc_2020_en_1159,PRFN
1126845051341029376,hasoc_2020_en_3722,PRFN
1123599268223299585,hasoc_2020_en_3268,NONE
1126843084178886656,hasoc_2020_en_3280,NONE
1126871215405137921,hasoc_2020_en_3606,PRFN
1130035343816740864,hasoc_2020_en_3747,NONE
1126847077193961473,hasoc_2020_en_1756,PRFN
1123755828979339267,hasoc_2020_en_4961,PRFN
1126851212761026560,hasoc_2020_en_4110,PRFN
1127037842507673600,hasoc_2020_en_4557,PRFN
1130341666416496641,hasoc_2020_en_2580,NONE
1126786792450023424,hasoc_2020_en_2585,PRFN
1126903549294551040,hasoc_2020_en_1714,PRFN
1123532855592869889,hasoc_2020_en_1845,NONE
1123538329180327936,hasoc_2020_en_4294,PRFN
1123816390530613248,hasoc_2020_en_3052,PRFN
1127071086561116160,hasoc_2020_en_4352,PRFN
1123685888968548353,hasoc_2020_en_3042,PRFN
1126828517386215424,hasoc_2020_en_2480,PRFN
1123536575948886017,hasoc_2020_en_3513,PRFN
1123704100628176900,hasoc_2020_en_3781,PRFN
1123720496183377921,hasoc_2020_en_3923,PRFN
1123740142295035905,hasoc_2020_en_4311,NONE
1123711071557234692,hasoc_2020_en_457,NONE
1123510709663477763,hasoc_2020_en_1671,PRFN
1126821831657295873,hasoc_2020_en_1915,PRFN
1123756906919661568,hasoc_2020_en_2113,NONE
1130229091272155138,hasoc_2020_en_4959,OFFN
1123630880667373573,hasoc_2020_en_2626,PRFN
1130285852804960262,hasoc_2020_en_128,NONE
1123571606780088320,hasoc_2020_en_3721,NONE
1123616385169383424,hasoc_2020_en_3519,NONE
1130324943730823174,hasoc_2020_en_5281,NONE
1126884586842095617,hasoc_2020_en_2128,PRFN
1126979147438403590,hasoc_2020_en_2691,PRFN
1126895139719245825,hasoc_2020_en_4335,PRFN
1123773751236145152,hasoc_2020_en_549,NONE
1130138230077026304,hasoc_2020_en_3650,NONE
1123669774456762369,hasoc_2020_en_4016,NONE
1123669136910032897,hasoc_2020_en_2853,NONE
1127006582343127042,hasoc_2020_en_3319,NONE
1130148464174743552,hasoc_2020_en_3034,NONE
1130120215566704640,hasoc_2020_en_278,PRFN
1126847635019714560,hasoc_2020_en_3452,PRFN
1123787038820634624,hasoc_2020_en_1255,PRFN
1123792428488646657,hasoc_2020_en_1854,NONE
1123777442248908800,hasoc_2020_en_1605,PRFN
1123590246245879809,hasoc_2020_en_3641,OFFN
1123567253092470784,hasoc_2020_en_2219,NONE
1127076602075078656,hasoc_2020_en_1298,PRFN
1127046008834158592,hasoc_2020_en_4988,NONE
1123591978501804032,hasoc_2020_en_3028,NONE
1127078787315847168,hasoc_2020_en_387,PRFN
1123474525390352384,hasoc_2020_en_1751,NONE
1130110946133848064,hasoc_2020_en_2201,NONE
1127029529397084160,hasoc_2020_en_403,PRFN
1126839422580871169,hasoc_2020_en_1085,NONE
1123653777385562112,hasoc_2020_en_1801,OFFN
1123577126471569409,hasoc_2020_en_839,PRFN
1126772242392608768,hasoc_2020_en_2135,PRFN
1130211693311668224,hasoc_2020_en_2022,PRFN
1127038798813106180,hasoc_2020_en_1524,PRFN
1130172837279481857,hasoc_2020_en_684,PRFN
1127081668777582594,hasoc_2020_en_1288,NONE
1126946155043143681,hasoc_2020_en_4085,NONE
1130327363819118594,hasoc_2020_en_284,NONE
1123555504838586368,hasoc_2020_en_685,NONE
1123539570660823040,hasoc_2020_en_2162,NONE
1126740155996332032,hasoc_2020_en_500,PRFN
1123765542983278593,hasoc_2020_en_2983,NONE
1126870917618053121,hasoc_2020_en_4849,PRFN
1123728322763083776,hasoc_2020_en_2559,PRFN
1130319105255305216,hasoc_2020_en_1857,OFFN
1130240885667581952,hasoc_2020_en_1135,PRFN
1130304794286010368,hasoc_2020_en_1313,PRFN
1127051901814693888,hasoc_2020_en_651,NONE
1130125655558033408,hasoc_2020_en_1685,PRFN
1123588153317527552,hasoc_2020_en_58,NONE
1126850491353391105,hasoc_2020_en_2063,PRFN
1130085499282944006,hasoc_2020_en_5115,NONE
1127061607433900032,hasoc_2020_en_1212,NONE
1123685826074951681,hasoc_2020_en_3435,NONE
1126882552587927552,hasoc_2020_en_3987,HATE
1130294488859996160,hasoc_2020_en_1176,NONE
1130111650780991493,hasoc_2020_en_1937,NONE
