tweet_id,ID,task1
1130081762154090497,hasoc_2020_en_2713,NOT
1130048316807491584,hasoc_2020_en_3874,NOT
1123657766143504386,hasoc_2020_en_281,NOT
1126782963042013186,hasoc_2020_en_2026,HOF
1130159113529434113,hasoc_2020_en_4023,HOF
1126820921501679617,hasoc_2020_en_742,NOT
1123805971883732993,hasoc_2020_en_1747,HOF
1127041965499895809,hasoc_2020_en_3102,HOF
1123772564269084673,hasoc_2020_en_1449,NOT
1123693589693968385,hasoc_2020_en_3086,HOF
1127041856464777216,hasoc_2020_en_4159,HOF
1127051318789431296,hasoc_2020_en_1355,HOF
1130191069927399424,hasoc_2020_en_555,HOF
1123621883885301765,hasoc_2020_en_4031,NOT
1126921039550660609,hasoc_2020_en_1129,HOF
1130092617046249472,hasoc_2020_en_420,HOF
1126813514373451776,hasoc_2020_en_524,NOT
1127003759605952513,hasoc_2020_en_2840,NOT
1130124393072476160,hasoc_2020_en_4736,NOT
1126910557964128256,hasoc_2020_en_4817,HOF
1126894296634933248,hasoc_2020_en_2054,NOT
1123696945145503748,hasoc_2020_en_950,HOF
1130178763843616768,hasoc_2020_en_3409,NOT
1126850130626236416,hasoc_2020_en_5213,NOT
1130077907584520193,hasoc_2020_en_4204,HOF
1126930149566504960,hasoc_2020_en_16,HOF
1123617559570313216,hasoc_2020_en_2595,HOF
1126834724968763393,hasoc_2020_en_2902,HOF
1123623309965438977,hasoc_2020_en_1154,NOT
1130243649701154822,hasoc_2020_en_1232,NOT
1126975288657813504,hasoc_2020_en_2589,NOT
1123674119747325953,hasoc_2020_en_1445,NOT
1126833768659083264,hasoc_2020_en_3669,NOT
1123550337439154177,hasoc_2020_en_1038,NOT
1126926865413890048,hasoc_2020_en_560,NOT
1123652309366575105,hasoc_2020_en_2010,NOT
1123548588422901760,hasoc_2020_en_971,HOF
1123746383410925568,hasoc_2020_en_2029,HOF
1130270015104724994,hasoc_2020_en_3468,HOF
1130296686679662593,hasoc_2020_en_5029,NOT
1123696072726077440,hasoc_2020_en_3765,HOF
1130191527098163200,hasoc_2020_en_1435,HOF
1126883060115496962,hasoc_2020_en_3849,HOF
1126905600284057600,hasoc_2020_en_2203,HOF
1126838097184997382,hasoc_2020_en_3944,HOF
1126991449294286848,hasoc_2020_en_4795,NOT
1130105325770510336,hasoc_2020_en_312,HOF
1123828923127795712,hasoc_2020_en_3175,NOT
1126945861425082369,hasoc_2020_en_2258,NOT
1126874180748705797,hasoc_2020_en_2859,HOF
1123474898716852224,hasoc_2020_en_687,HOF
1123494511278215170,hasoc_2020_en_5268,NOT
1126875040614637568,hasoc_2020_en_5015,NOT
1123812905080770566,hasoc_2020_en_3066,HOF
1126801782875852801,hasoc_2020_en_931,HOF
1123722513622732803,hasoc_2020_en_1140,NOT
1130321458251612161,hasoc_2020_en_4455,NOT
1123561645295505408,hasoc_2020_en_1017,NOT
1130312402736734215,hasoc_2020_en_3674,NOT
1126782447130226689,hasoc_2020_en_954,NOT
1130215594035470336,hasoc_2020_en_750,NOT
1126891952039809024,hasoc_2020_en_1634,HOF
1130058735425085440,hasoc_2020_en_4813,HOF
1126801325700808705,hasoc_2020_en_1657,NOT
1130221558319001600,hasoc_2020_en_319,HOF
1126841628780572672,hasoc_2020_en_4182,NOT
1126815267563163651,hasoc_2020_en_3413,NOT
1123622747920371712,hasoc_2020_en_3978,HOF
1123710723455111168,hasoc_2020_en_1171,HOF
1130131997349875712,hasoc_2020_en_4784,NOT
1130008181482983424,hasoc_2020_en_1241,NOT
1123585905149739008,hasoc_2020_en_1888,NOT
1130042230855462912,hasoc_2020_en_574,NOT
1130226306254233601,hasoc_2020_en_1881,NOT
1123824305178071040,hasoc_2020_en_1433,NOT
1123808807245832192,hasoc_2020_en_5068,NOT
1123591877834493958,hasoc_2020_en_5141,HOF
1130153992263229440,hasoc_2020_en_1361,NOT
1123479122360131584,hasoc_2020_en_1987,NOT
1123796073343012866,hasoc_2020_en_2794,HOF
1123699147167678464,hasoc_2020_en_3936,HOF
1123550387791966208,hasoc_2020_en_3825,NOT
1126854924732489730,hasoc_2020_en_3842,HOF
1123625369368649728,hasoc_2020_en_2492,HOF
1126935308535312385,hasoc_2020_en_3182,NOT
1126747391162347521,hasoc_2020_en_4048,NOT
1126805322864242688,hasoc_2020_en_1790,NOT
1130209415808847873,hasoc_2020_en_400,HOF
1126926429227237378,hasoc_2020_en_3098,NOT
1123500827887452160,hasoc_2020_en_4515,HOF
1123520251725893632,hasoc_2020_en_5113,NOT
1130174624073953280,hasoc_2020_en_4786,NOT
1123573032822374400,hasoc_2020_en_2741,HOF
1126892925126873089,hasoc_2020_en_3325,HOF
1123612442527961088,hasoc_2020_en_2835,NOT
1130256798882115589,hasoc_2020_en_4310,NOT
1126875959163064323,hasoc_2020_en_1921,HOF
1123513138169765890,hasoc_2020_en_4529,HOF
1123770383214305280,hasoc_2020_en_4178,NOT
1127036949125050368,hasoc_2020_en_38,NOT
1130340089358430208,hasoc_2020_en_818,HOF
1123736661010128896,hasoc_2020_en_4005,NOT
1130232769701908481,hasoc_2020_en_3960,NOT
1130170840794968065,hasoc_2020_en_3346,HOF
1130170761090613256,hasoc_2020_en_3313,HOF
1130150557140836353,hasoc_2020_en_407,HOF
1130290034538455040,hasoc_2020_en_2777,HOF
1123711033812639745,hasoc_2020_en_1779,NOT
1123595354912346112,hasoc_2020_en_1096,NOT
1123723314726305794,hasoc_2020_en_653,HOF
1126977922663890946,hasoc_2020_en_1249,HOF
1126762985567899648,hasoc_2020_en_2156,NOT
1126890614031888386,hasoc_2020_en_2104,NOT
1126782770116800512,hasoc_2020_en_2354,NOT
1130292920207040512,hasoc_2020_en_1579,HOF
1123736627468226560,hasoc_2020_en_2989,HOF
1123570663070031872,hasoc_2020_en_4440,NOT
1123784400582344705,hasoc_2020_en_1227,NOT
1123491948562735104,hasoc_2020_en_4625,NOT
1126947836933885952,hasoc_2020_en_4094,HOF
1123641802643464192,hasoc_2020_en_3323,NOT
1130085939693465600,hasoc_2020_en_4933,HOF
1123787147855769600,hasoc_2020_en_2055,HOF
1130301459793436672,hasoc_2020_en_2132,HOF
1127021576992350208,hasoc_2020_en_428,HOF
1130058005645582336,hasoc_2020_en_3837,NOT
1123749877291286528,hasoc_2020_en_3333,HOF
1130110430247084033,hasoc_2020_en_1297,NOT
1123689718368149506,hasoc_2020_en_5133,HOF
1123711834924703745,hasoc_2020_en_498,HOF
1130279708136841217,hasoc_2020_en_3731,HOF
1123701307213328388,hasoc_2020_en_1000,HOF
1126773962052997120,hasoc_2020_en_2846,HOF
1126921438001283073,hasoc_2020_en_2367,HOF
1130264541550534658,hasoc_2020_en_4260,HOF
1130285798295781376,hasoc_2020_en_4975,HOF
1126975418693713924,hasoc_2020_en_5417,HOF
1130211202603204608,hasoc_2020_en_4778,NOT
1126993806493089792,hasoc_2020_en_5301,HOF
1123509556250734597,hasoc_2020_en_1735,NOT
1126874902198456326,hasoc_2020_en_836,NOT
1127052031837892608,hasoc_2020_en_1375,NOT
1126776042461339649,hasoc_2020_en_1428,NOT
1130117799614062597,hasoc_2020_en_5375,NOT
1130125408089853953,hasoc_2020_en_4953,HOF
1123818810643972096,hasoc_2020_en_3486,NOT
1123730109536657413,hasoc_2020_en_497,HOF
1123788905281740806,hasoc_2020_en_2326,NOT
1126963376855425024,hasoc_2020_en_5255,HOF
1130349962754179072,hasoc_2020_en_702,HOF
1126776579307139073,hasoc_2020_en_1633,NOT
1130347970442932225,hasoc_2020_en_605,NOT
1126911401006718978,hasoc_2020_en_1394,NOT
1123649683732279297,hasoc_2020_en_262,HOF
1130078528345706498,hasoc_2020_en_981,NOT
1130034806937595904,hasoc_2020_en_3687,NOT
1130217552741896192,hasoc_2020_en_3119,NOT
1126818371360763904,hasoc_2020_en_2929,HOF
1127008281073942528,hasoc_2020_en_3149,NOT
1123774233593753602,hasoc_2020_en_3198,NOT
1123731464259022848,hasoc_2020_en_2790,HOF
1123710828304269312,hasoc_2020_en_3400,NOT
1126836574656827392,hasoc_2020_en_4370,NOT
1127090330031906816,hasoc_2020_en_4826,HOF
1123746211431952390,hasoc_2020_en_4591,HOF
1130145154898071552,hasoc_2020_en_3013,HOF
1127056997877202946,hasoc_2020_en_3336,HOF
1123600098682970114,hasoc_2020_en_4146,HOF
1127020717147508738,hasoc_2020_en_3494,NOT
1126978631522295808,hasoc_2020_en_2594,HOF
1126917050729787392,hasoc_2020_en_2913,NOT
1130294455330754561,hasoc_2020_en_2361,NOT
1130321214982041600,hasoc_2020_en_4543,HOF
1123748711258054657,hasoc_2020_en_3816,HOF
1123806743656636416,hasoc_2020_en_1332,HOF
1130310515333275649,hasoc_2020_en_3811,HOF
1130048782362660864,hasoc_2020_en_2400,NOT
1127088966887530496,hasoc_2020_en_1127,NOT
1126925217043869696,hasoc_2020_en_1571,HOF
1123757309568659457,hasoc_2020_en_1972,NOT
1123823768323919872,hasoc_2020_en_29,HOF
1123572483372638209,hasoc_2020_en_1582,NOT
1127007609981005824,hasoc_2020_en_857,HOF
1123599217874939905,hasoc_2020_en_2355,HOF
1123681459791892483,hasoc_2020_en_171,NOT
1123646626109640704,hasoc_2020_en_3608,NOT
1130086271026470912,hasoc_2020_en_1134,NOT
1126751879046647809,hasoc_2020_en_3300,HOF
1130130575459803136,hasoc_2020_en_1351,NOT
1127042166855856128,hasoc_2020_en_5314,HOF
1123697616263548928,hasoc_2020_en_367,NOT
1127016648693542912,hasoc_2020_en_1114,NOT
1130236670400434176,hasoc_2020_en_2482,HOF
1126849132394680320,hasoc_2020_en_4243,HOF
1123819251041697796,hasoc_2020_en_4499,NOT
1126868057064763392,hasoc_2020_en_2743,NOT
1123570004547575808,hasoc_2020_en_329,NOT
1130134350333435910,hasoc_2020_en_1834,HOF
1127079479359107072,hasoc_2020_en_3790,HOF
1123712292095451136,hasoc_2020_en_937,NOT
1123771154991407104,hasoc_2020_en_3415,HOF
1123750284122103809,hasoc_2020_en_3241,HOF
1130043661125869574,hasoc_2020_en_2336,HOF
1130292077168873478,hasoc_2020_en_5099,HOF
1123638845650677760,hasoc_2020_en_40,NOT
1130245432292986881,hasoc_2020_en_5092,NOT
1123640208799555585,hasoc_2020_en_4578,NOT
1123559820760510466,hasoc_2020_en_1887,HOF
1130340542317883393,hasoc_2020_en_2596,HOF
1123643169982357504,hasoc_2020_en_2799,HOF
1126860553480048642,hasoc_2020_en_3434,NOT
1130004767328100353,hasoc_2020_en_2266,HOF
1123697683338878977,hasoc_2020_en_2189,HOF
1126846699673141248,hasoc_2020_en_1590,NOT
1126884704270147586,hasoc_2020_en_5400,NOT
1130142277576331265,hasoc_2020_en_728,NOT
1126963284563955713,hasoc_2020_en_3857,HOF
1130079555946012673,hasoc_2020_en_1846,NOT
1123664921630269440,hasoc_2020_en_2181,NOT
1126999980508631040,hasoc_2020_en_1964,HOF
1123572756019318784,hasoc_2020_en_3865,NOT
1126928127899443201,hasoc_2020_en_2625,HOF
1123677076740018177,hasoc_2020_en_3166,HOF
1126875472606814208,hasoc_2020_en_2497,NOT
1130331667191795713,hasoc_2020_en_5126,HOF
1126836583020355584,hasoc_2020_en_4137,NOT
1123491411675045889,hasoc_2020_en_4396,HOF
1126976320452349953,hasoc_2020_en_3363,NOT
1130278441461387265,hasoc_2020_en_2947,NOT
1130169301493854209,hasoc_2020_en_1967,HOF
1123756525233811456,hasoc_2020_en_5086,HOF
1127058805659881473,hasoc_2020_en_4334,NOT
1126812939732889600,hasoc_2020_en_4308,HOF
1126938592704700416,hasoc_2020_en_1367,HOF
1123737608922775553,hasoc_2020_en_4912,HOF
1123756743345963009,hasoc_2020_en_3356,HOF
1130140100761935872,hasoc_2020_en_958,HOF
1130304970454994944,hasoc_2020_en_2888,NOT
1126993164802363392,hasoc_2020_en_4463,HOF
1126826101479739398,hasoc_2020_en_3041,NOT
1130300130236817414,hasoc_2020_en_2890,HOF
1123661507492044804,hasoc_2020_en_758,HOF
1126745306580656130,hasoc_2020_en_976,NOT
1123604930500206592,hasoc_2020_en_1700,NOT
1130272221325385728,hasoc_2020_en_4326,NOT
1123779925285199874,hasoc_2020_en_3196,HOF
1123592498578747397,hasoc_2020_en_2207,NOT
1123529961514655744,hasoc_2020_en_2946,NOT
1127011292579950592,hasoc_2020_en_3593,NOT
1126856757614137344,hasoc_2020_en_3384,NOT
1123587272476123136,hasoc_2020_en_1688,HOF
1123518116812795904,hasoc_2020_en_5006,NOT
1123639420274597888,hasoc_2020_en_5171,NOT
1126960474380210178,hasoc_2020_en_4533,HOF
1123649419495211008,hasoc_2020_en_2897,HOF
1123607182849736706,hasoc_2020_en_3793,HOF
1123736635844255749,hasoc_2020_en_3775,HOF
1126810855167885312,hasoc_2020_en_208,NOT
1126747890271965184,hasoc_2020_en_3089,HOF
1130196082120638466,hasoc_2020_en_1598,HOF
1130262377285541888,hasoc_2020_en_1930,HOF
1127044855388082176,hasoc_2020_en_3921,NOT
1130176071075213312,hasoc_2020_en_4457,NOT
1130178315027750912,hasoc_2020_en_3534,HOF
1123707191847002115,hasoc_2020_en_3897,HOF
1123588815992438784,hasoc_2020_en_4385,NOT
1123591370331934722,hasoc_2020_en_1058,NOT
1130157037348954113,hasoc_2020_en_3297,NOT
1123546159908311043,hasoc_2020_en_1342,HOF
1130141438740770816,hasoc_2020_en_258,NOT
1123598580323966976,hasoc_2020_en_1858,NOT
1123780244018745350,hasoc_2020_en_837,NOT
1130331121932279808,hasoc_2020_en_1810,HOF
1130283936003682306,hasoc_2020_en_4275,NOT
1127001977014116354,hasoc_2020_en_2791,HOF
1126857189627445249,hasoc_2020_en_2281,HOF
1127086546757324801,hasoc_2020_en_3014,NOT
1126919584106405891,hasoc_2020_en_5193,HOF
1127049674622423042,hasoc_2020_en_4742,HOF
1123785516279894016,hasoc_2020_en_2267,HOF
1127040661092327424,hasoc_2020_en_550,HOF
1126945496512253952,hasoc_2020_en_3362,HOF
1126978690246512640,hasoc_2020_en_4460,NOT
1126922700461502465,hasoc_2020_en_5148,NOT
1126952933034270720,hasoc_2020_en_2187,NOT
1123733506897715200,hasoc_2020_en_664,HOF
1123710467585794050,hasoc_2020_en_2541,NOT
1130195025160228870,hasoc_2020_en_3157,HOF
1126898918778863617,hasoc_2020_en_2630,HOF
1123824254850609152,hasoc_2020_en_3502,HOF
1130066163566874625,hasoc_2020_en_3245,NOT
1130306220349415424,hasoc_2020_en_2168,NOT
1123700313200967681,hasoc_2020_en_1912,HOF
1130162489948299265,hasoc_2020_en_2377,HOF
1123576396666875912,hasoc_2020_en_4410,HOF
1126751883257757697,hasoc_2020_en_4088,HOF
1130092763847024640,hasoc_2020_en_2131,NOT
1126792156943773696,hasoc_2020_en_3951,NOT
1123718965237358594,hasoc_2020_en_3347,HOF
1123639973918302208,hasoc_2020_en_2195,NOT
1123639705491341313,hasoc_2020_en_3314,NOT
1126915335293218821,hasoc_2020_en_1167,NOT
1123493538208129024,hasoc_2020_en_521,NOT
1126936856266969090,hasoc_2020_en_4109,NOT
1123702607472746498,hasoc_2020_en_1506,HOF
1126821424797061120,hasoc_2020_en_1616,HOF
1130336192837423104,hasoc_2020_en_5037,HOF
1130184845563486208,hasoc_2020_en_3327,HOF
1123690913744683008,hasoc_2020_en_1622,NOT
1123695724602982405,hasoc_2020_en_3093,NOT
1130164062816485377,hasoc_2020_en_3153,NOT
1123692666951225346,hasoc_2020_en_2868,HOF
1123701525333839881,hasoc_2020_en_508,HOF
1123737843795406849,hasoc_2020_en_5166,HOF
1126915188459016193,hasoc_2020_en_4816,NOT
1130188305868345344,hasoc_2020_en_3377,HOF
1126740097250934784,hasoc_2020_en_263,NOT
1123652175140356097,hasoc_2020_en_3261,HOF
1123709863618650113,hasoc_2020_en_2828,HOF
1123688363624628224,hasoc_2020_en_815,NOT
1130319998617083905,hasoc_2020_en_1072,HOF
1127087607924576262,hasoc_2020_en_2028,NOT
1127080519550717952,hasoc_2020_en_2850,NOT
1130137294768230401,hasoc_2020_en_4187,NOT
1123692843116187648,hasoc_2020_en_800,NOT
1123635175651532800,hasoc_2020_en_724,HOF
1130266751931944960,hasoc_2020_en_1304,HOF
1126765485398286340,hasoc_2020_en_1587,NOT
1127040031938502656,hasoc_2020_en_4219,HOF
1123684441942036481,hasoc_2020_en_5220,NOT
1127048957429997568,hasoc_2020_en_924,HOF
1130240004855218176,hasoc_2020_en_4390,HOF
1126792823846637570,hasoc_2020_en_803,NOT
1123651738953756672,hasoc_2020_en_3622,NOT
1126976068802498560,hasoc_2020_en_4418,NOT
1126986273560965120,hasoc_2020_en_4895,NOT
1123614095079428097,hasoc_2020_en_1965,NOT
1123716343818268673,hasoc_2020_en_1724,HOF
1126849086248955905,hasoc_2020_en_1442,NOT
1130223827445792769,hasoc_2020_en_300,NOT
1126871261538324481,hasoc_2020_en_485,HOF
1130270803646406658,hasoc_2020_en_2224,NOT
1126966711310323712,hasoc_2020_en_572,NOT
1123740670756306946,hasoc_2020_en_1110,NOT
1126866282886963201,hasoc_2020_en_4189,HOF
1130245650396921856,hasoc_2020_en_5167,HOF
1130342392039641088,hasoc_2020_en_4431,HOF
1130316328626139137,hasoc_2020_en_1144,HOF
1130206957934137344,hasoc_2020_en_4885,HOF
1126975703893839872,hasoc_2020_en_573,NOT
1126996524439887872,hasoc_2020_en_4425,HOF
1123795494541590531,hasoc_2020_en_1920,HOF
1130051043079774208,hasoc_2020_en_868,HOF
1126853054056271872,hasoc_2020_en_2992,NOT
1126945295194120192,hasoc_2020_en_3537,NOT
1123774762071855105,hasoc_2020_en_4144,HOF
1123630209591169025,hasoc_2020_en_1108,NOT
1123528355117060096,hasoc_2020_en_1559,NOT
1130031686383742976,hasoc_2020_en_3168,HOF
1130340831750234117,hasoc_2020_en_376,NOT
1123817611089928193,hasoc_2020_en_3350,HOF
1126983576623439872,hasoc_2020_en_5321,NOT
1126856220776779784,hasoc_2020_en_4520,HOF
1123592909620641792,hasoc_2020_en_2803,NOT
1130165971191250945,hasoc_2020_en_3484,HOF
1123763961755840512,hasoc_2020_en_1030,NOT
1123771821852102656,hasoc_2020_en_2096,HOF
1126960654718521344,hasoc_2020_en_2490,HOF
1123719103657725957,hasoc_2020_en_3080,HOF
1123785495304077313,hasoc_2020_en_5397,NOT
1126963703973318656,hasoc_2020_en_3099,NOT
1126864319973478401,hasoc_2020_en_577,HOF
1130201530504663040,hasoc_2020_en_176,NOT
1130216273508491264,hasoc_2020_en_3005,NOT
1127000152475099136,hasoc_2020_en_1041,NOT
1123692985739296771,hasoc_2020_en_3510,NOT
1127038207407874048,hasoc_2020_en_3410,HOF
1123786627753627650,hasoc_2020_en_3699,NOT
1127011879748898816,hasoc_2020_en_617,HOF
1123655895492120581,hasoc_2020_en_3872,NOT
1127014744467046402,hasoc_2020_en_1214,HOF
1126957601277739014,hasoc_2020_en_4008,NOT
1126776386390089728,hasoc_2020_en_169,HOF
1123585053722804224,hasoc_2020_en_3478,HOF
1123748459608248322,hasoc_2020_en_4172,NOT
1127050412845084674,hasoc_2020_en_2545,HOF
1123732001150910464,hasoc_2020_en_2293,HOF
1126936856245997568,hasoc_2020_en_4648,NOT
1126920552982171649,hasoc_2020_en_181,HOF
1130251161729036289,hasoc_2020_en_3909,HOF
1123569564149788672,hasoc_2020_en_538,HOF
1127015491044769792,hasoc_2020_en_5072,NOT
1130288302270160896,hasoc_2020_en_1856,HOF
1126748930459308032,hasoc_2020_en_769,NOT
1130322787854409733,hasoc_2020_en_4234,NOT
1130226285299421185,hasoc_2020_en_1667,NOT
1126768656258441216,hasoc_2020_en_905,NOT
1123644939966062594,hasoc_2020_en_3437,HOF
1123511829546840064,hasoc_2020_en_2438,NOT
1126857252550389760,hasoc_2020_en_705,HOF
1126871626421755904,hasoc_2020_en_3178,NOT
1127069715006758912,hasoc_2020_en_2871,HOF
1130305347942604802,hasoc_2020_en_4371,HOF
1126977767487213573,hasoc_2020_en_1583,HOF
1127070868448747520,hasoc_2020_en_3504,NOT
1127017965709172736,hasoc_2020_en_4530,NOT
1123608839620911112,hasoc_2020_en_4072,HOF
1123693363205693444,hasoc_2020_en_2375,HOF
1130337920886423552,hasoc_2020_en_5035,HOF
1130300130228359168,hasoc_2020_en_1527,HOF
1126894342793256961,hasoc_2020_en_2173,HOF
1130198095399071744,hasoc_2020_en_746,NOT
1126835681236594692,hasoc_2020_en_84,HOF
1123572785387753475,hasoc_2020_en_1203,NOT
1123604917950795779,hasoc_2020_en_429,NOT
1130045351409389568,hasoc_2020_en_2881,NOT
1127043156703416325,hasoc_2020_en_5376,NOT
1130135113730273284,hasoc_2020_en_5189,HOF
1130280253417562112,hasoc_2020_en_897,HOF
1127074907559538688,hasoc_2020_en_217,NOT
1130244870269018113,hasoc_2020_en_1851,HOF
1123773658974052354,hasoc_2020_en_4934,NOT
1130175160932282369,hasoc_2020_en_5353,HOF
1127087217871134721,hasoc_2020_en_3295,HOF
1126824402753130496,hasoc_2020_en_4384,NOT
1130269595691048960,hasoc_2020_en_674,HOF
1126901997389664261,hasoc_2020_en_3160,NOT
1123613663074635778,hasoc_2020_en_3254,NOT
1126861308463329281,hasoc_2020_en_2170,HOF
1130194630904045568,hasoc_2020_en_4181,NOT
1123565596342398977,hasoc_2020_en_4927,NOT
1126744270583418880,hasoc_2020_en_1619,HOF
1130235667953389568,hasoc_2020_en_4670,NOT
1123575830427459584,hasoc_2020_en_1909,HOF
1123671133419708417,hasoc_2020_en_68,HOF
1123697259722563589,hasoc_2020_en_4853,NOT
1130213551380094976,hasoc_2020_en_216,NOT
1130159411320647681,hasoc_2020_en_2237,HOF
1123504430790234112,hasoc_2020_en_2643,HOF
1130296749619404800,hasoc_2020_en_2972,HOF
1130123063469588480,hasoc_2020_en_4614,NOT
1126998483146354689,hasoc_2020_en_3854,NOT
1123716553508311041,hasoc_2020_en_773,NOT
1130308145543360512,hasoc_2020_en_2386,HOF
1123511250741276673,hasoc_2020_en_3630,HOF
1126813430453821440,hasoc_2020_en_50,NOT
1130165048469532673,hasoc_2020_en_3812,HOF
1123828411435294721,hasoc_2020_en_1055,NOT
1126950110250840064,hasoc_2020_en_1344,NOT
1123782865492303873,hasoc_2020_en_4508,NOT
1123631220393435137,hasoc_2020_en_2960,HOF
1126843138721579008,hasoc_2020_en_2032,NOT
1123808035498070016,hasoc_2020_en_5253,HOF
1130126829950590980,hasoc_2020_en_2856,NOT
1123707783239667712,hasoc_2020_en_2554,NOT
1130118000961626112,hasoc_2020_en_4338,NOT
1130313602303447040,hasoc_2020_en_1097,NOT
1127086454503559169,hasoc_2020_en_4994,HOF
1130205292824866817,hasoc_2020_en_896,NOT
1130211185805053952,hasoc_2020_en_4286,NOT
1126821236078665728,hasoc_2020_en_5102,NOT
1126969852831391744,hasoc_2020_en_1761,HOF
1123756693018632192,hasoc_2020_en_2638,NOT
1127050681272107008,hasoc_2020_en_641,NOT
1127053415975202816,hasoc_2020_en_2037,HOF
1126942585690284032,hasoc_2020_en_1075,NOT
1126933278513074177,hasoc_2020_en_4367,NOT
1123599171745923072,hasoc_2020_en_1405,HOF
1130156349466271745,hasoc_2020_en_3642,NOT
1123691500955684870,hasoc_2020_en_4102,NOT
1123673067002183680,hasoc_2020_en_616,NOT
1123649314625085441,hasoc_2020_en_3625,NOT
1123617500858658818,hasoc_2020_en_2084,HOF
1130244249491058688,hasoc_2020_en_1975,NOT
1130103631271927808,hasoc_2020_en_1543,HOF
1130094735161528320,hasoc_2020_en_5408,NOT
1130240789215416320,hasoc_2020_en_1360,HOF
1130218144176513026,hasoc_2020_en_5369,HOF
1123780160136851460,hasoc_2020_en_3741,NOT
1123817845987655680,hasoc_2020_en_1594,NOT
1126916048312311809,hasoc_2020_en_2358,NOT
1126828022445805571,hasoc_2020_en_17,NOT
1126850017401110531,hasoc_2020_en_1869,NOT
1123579940870459392,hasoc_2020_en_1223,HOF
1123538387879759872,hasoc_2020_en_5352,HOF
1129997657995264006,hasoc_2020_en_1803,HOF
1130322850756419584,hasoc_2020_en_79,HOF
1126837363164889088,hasoc_2020_en_3469,HOF
1130003848762937344,hasoc_2020_en_1541,NOT
1123650627446423552,hasoc_2020_en_1669,NOT
1130196480587968512,hasoc_2020_en_219,HOF
1123616993347756032,hasoc_2020_en_3596,HOF
1126945366501462019,hasoc_2020_en_2455,NOT
1130283202000637952,hasoc_2020_en_4120,HOF
1126774410864615424,hasoc_2020_en_4800,NOT
1126845051340935169,hasoc_2020_en_5076,HOF
1123666242861260810,hasoc_2020_en_669,NOT
1126973694805299200,hasoc_2020_en_1491,HOF
1130264789018710017,hasoc_2020_en_131,HOF
1130027315893821440,hasoc_2020_en_3518,NOT
1123551847388733441,hasoc_2020_en_66,NOT
1130196614788845574,hasoc_2020_en_2350,NOT
1126933697951825920,hasoc_2020_en_3834,NOT
1130142315329327105,hasoc_2020_en_4245,HOF
1123776100063170561,hasoc_2020_en_695,NOT
1127040375888257025,hasoc_2020_en_5421,HOF
1127012148197175297,hasoc_2020_en_2333,NOT
1126909320627724288,hasoc_2020_en_5129,NOT
1126768681420083200,hasoc_2020_en_458,NOT
1123605542864396289,hasoc_2020_en_1676,NOT
1123689517033115648,hasoc_2020_en_2514,NOT
1123721376957980672,hasoc_2020_en_271,HOF
1126919277943054336,hasoc_2020_en_911,NOT
1123755690592485383,hasoc_2020_en_3167,HOF
1126861593675874304,hasoc_2020_en_494,NOT
1123713416177254401,hasoc_2020_en_182,HOF
1126972113561235462,hasoc_2020_en_2631,NOT
1130309638723969024,hasoc_2020_en_2572,HOF
1127047766222356480,hasoc_2020_en_944,NOT
1130133998032658432,hasoc_2020_en_4291,NOT
1127028417893892097,hasoc_2020_en_3754,NOT
1130095519500521472,hasoc_2020_en_2100,NOT
1127029340645023744,hasoc_2020_en_4112,HOF
1130307797395169280,hasoc_2020_en_1844,HOF
1123486084896362497,hasoc_2020_en_1437,NOT
1126827510749114370,hasoc_2020_en_2786,HOF
1123746148538302465,hasoc_2020_en_2577,NOT
1126991168301142016,hasoc_2020_en_1208,HOF
1127015759513677825,hasoc_2020_en_1908,NOT
1130117044660244481,hasoc_2020_en_3359,NOT
1123758123288805387,hasoc_2020_en_1843,HOF
1123739588651028480,hasoc_2020_en_5109,HOF
1126848297702838272,hasoc_2020_en_1551,HOF
1123474856740302849,hasoc_2020_en_4298,HOF
1130203950630789121,hasoc_2020_en_140,HOF
1123545014880096256,hasoc_2020_en_1713,NOT
1123777656141512705,hasoc_2020_en_12,HOF
1127053340465074181,hasoc_2020_en_3940,NOT
1127001389802983424,hasoc_2020_en_2670,HOF
1123756005140127746,hasoc_2020_en_1828,HOF
1130167456012673024,hasoc_2020_en_4314,HOF
1130095683061583874,hasoc_2020_en_4982,HOF
1123616234162016256,hasoc_2020_en_200,NOT
1126786012301053952,hasoc_2020_en_918,NOT
1123648421246709762,hasoc_2020_en_3272,NOT
1126737865889566721,hasoc_2020_en_1777,NOT
1126935010760519680,hasoc_2020_en_4560,NOT
1123707896485826568,hasoc_2020_en_1689,NOT
1126986953012830208,hasoc_2020_en_4327,NOT
1126839498082537472,hasoc_2020_en_3276,HOF
1123634269664845827,hasoc_2020_en_2550,NOT
1123506012059766785,hasoc_2020_en_4190,NOT
1123634752031023106,hasoc_2020_en_1711,NOT
1130155699365982208,hasoc_2020_en_1666,NOT
1130222283937726465,hasoc_2020_en_5230,HOF
1123758785988788224,hasoc_2020_en_4063,NOT
1123564732286414848,hasoc_2020_en_3037,NOT
1127013679134838785,hasoc_2020_en_265,HOF
1130345411904806912,hasoc_2020_en_855,NOT
1127053592119128064,hasoc_2020_en_1833,HOF
1123764376975093760,hasoc_2020_en_4991,HOF
1126989016631513089,hasoc_2020_en_686,HOF
1123624052357120000,hasoc_2020_en_470,HOF
1123718076061634565,hasoc_2020_en_3652,NOT
1123537624520695809,hasoc_2020_en_3991,HOF
1123809830664376327,hasoc_2020_en_3451,NOT
1127063247415386112,hasoc_2020_en_374,HOF
1126850680092753921,hasoc_2020_en_2444,NOT
1126743708542484480,hasoc_2020_en_1949,HOF
1126895399770263552,hasoc_2020_en_121,NOT
1130152243259486208,hasoc_2020_en_1475,NOT
1130236305496072197,hasoc_2020_en_3454,NOT
1123777626798219267,hasoc_2020_en_1326,HOF
1123809474135953408,hasoc_2020_en_3586,NOT
1123679513622339584,hasoc_2020_en_1613,NOT
1126762478078054402,hasoc_2020_en_462,NOT
1123544184420491264,hasoc_2020_en_3784,NOT
1123491227108892677,hasoc_2020_en_2202,NOT
1123598328673992705,hasoc_2020_en_4650,NOT
1130313182877061120,hasoc_2020_en_2240,NOT
1123698702584094720,hasoc_2020_en_4244,HOF
1123702238373994499,hasoc_2020_en_4755,HOF
1123537393817145345,hasoc_2020_en_1067,NOT
1123733175572795392,hasoc_2020_en_4387,HOF
1123679035492638721,hasoc_2020_en_3114,HOF
1123780990613295106,hasoc_2020_en_2404,HOF
1123807167277084673,hasoc_2020_en_1531,HOF
1127032104720764928,hasoc_2020_en_2392,HOF
1123721729292087296,hasoc_2020_en_3361,HOF
1127002354484699137,hasoc_2020_en_1611,NOT
1127047392946208768,hasoc_2020_en_4220,NOT
1126762968807378949,hasoc_2020_en_4500,HOF
1130201962547437570,hasoc_2020_en_2303,HOF
1123751861167767552,hasoc_2020_en_3517,HOF
1123545216189915136,hasoc_2020_en_804,HOF
1130186586220572672,hasoc_2020_en_4992,HOF
1130129703065542657,hasoc_2020_en_3670,HOF
1123808459114389506,hasoc_2020_en_4007,NOT
1123511187805577216,hasoc_2020_en_307,NOT
1127044280747536386,hasoc_2020_en_1302,HOF
1130243955919081478,hasoc_2020_en_3603,HOF
1126920926266839044,hasoc_2020_en_2603,HOF
1127068318320427008,hasoc_2020_en_4482,NOT
1130222615270838272,hasoc_2020_en_4989,NOT
1123551230851145729,hasoc_2020_en_4765,NOT
1126910847358504961,hasoc_2020_en_3131,NOT
1130230508980453381,hasoc_2020_en_2290,NOT
1126955256657661953,hasoc_2020_en_286,HOF
1126822498568429568,hasoc_2020_en_3117,NOT
1127086647441379328,hasoc_2020_en_3589,NOT
1126956041017733120,hasoc_2020_en_399,NOT
1130228306941497347,hasoc_2020_en_3393,HOF
1130139287066955776,hasoc_2020_en_5024,NOT
1123606989920186377,hasoc_2020_en_4978,NOT
1123708890514952193,hasoc_2020_en_3520,HOF
1123754235139641344,hasoc_2020_en_333,HOF
1127083233286467584,hasoc_2020_en_1544,HOF
1130044747446231040,hasoc_2020_en_912,NOT
1126848654243921921,hasoc_2020_en_2658,NOT
1127009103136604161,hasoc_2020_en_2765,NOT
1127055462787092480,hasoc_2020_en_4279,HOF
1123499456354066433,hasoc_2020_en_178,NOT
1123553659323858944,hasoc_2020_en_4043,HOF
1123648748423450631,hasoc_2020_en_5074,NOT
1127036978472550402,hasoc_2020_en_3850,NOT
1130220908193419265,hasoc_2020_en_86,HOF
1130187336984059904,hasoc_2020_en_2044,NOT
1123769913443799047,hasoc_2020_en_3795,HOF
1127046419863314432,hasoc_2020_en_3209,NOT
1130240025843490816,hasoc_2020_en_1345,NOT
1130102041626468352,hasoc_2020_en_4585,NOT
1123673733892399106,hasoc_2020_en_1748,NOT
1130173286074265601,hasoc_2020_en_2260,NOT
1130072442444107776,hasoc_2020_en_4659,HOF
1130210250496335873,hasoc_2020_en_1814,HOF
1126789850101964800,hasoc_2020_en_3583,HOF
1130056608942383104,hasoc_2020_en_3817,HOF
1123697016448663560,hasoc_2020_en_4724,HOF
1123774774646386689,hasoc_2020_en_331,NOT
1126757679769079808,hasoc_2020_en_2736,NOT
1123753291421290499,hasoc_2020_en_363,HOF
1130312545342910464,hasoc_2020_en_2356,HOF
1123707200227221504,hasoc_2020_en_3230,NOT
1130140176246820864,hasoc_2020_en_3738,NOT
1126953532786135040,hasoc_2020_en_830,HOF
1123665177486950401,hasoc_2020_en_2197,NOT
1123550022895751169,hasoc_2020_en_1589,NOT
1127052400920076288,hasoc_2020_en_797,HOF
1126762750703628288,hasoc_2020_en_2081,HOF
1126894577653305344,hasoc_2020_en_5026,NOT
1123756848199479297,hasoc_2020_en_32,HOF
1130152390038974464,hasoc_2020_en_2860,NOT
1127051016837435392,hasoc_2020_en_4758,NOT
1123661381667098630,hasoc_2020_en_4684,HOF
1130322540369522688,hasoc_2020_en_2111,HOF
1123715886647533568,hasoc_2020_en_1548,NOT
1126982691608584195,hasoc_2020_en_4010,NOT
1126742538348425216,hasoc_2020_en_3161,NOT
1123572277851766784,hasoc_2020_en_3823,NOT
1130300407056674821,hasoc_2020_en_4452,NOT
1130179204253978624,hasoc_2020_en_3651,HOF
1130279230003191809,hasoc_2020_en_4606,HOF
1130318199289982976,hasoc_2020_en_4618,NOT
1130168097703260160,hasoc_2020_en_4114,NOT
1123791300212482048,hasoc_2020_en_1466,HOF
1126972407166656512,hasoc_2020_en_2434,HOF
1123766746748530690,hasoc_2020_en_4375,NOT
1123710744413995009,hasoc_2020_en_4637,NOT
1123716788414447621,hasoc_2020_en_590,NOT
1130061465920999425,hasoc_2020_en_551,NOT
1127084772575055877,hasoc_2020_en_3174,NOT
1130007220979228672,hasoc_2020_en_4825,HOF
1126946910013620224,hasoc_2020_en_1315,NOT
1126829373036879872,hasoc_2020_en_3147,NOT
1130154382341885957,hasoc_2020_en_3904,HOF
1123480980457689099,hasoc_2020_en_4062,NOT
1127083463943831553,hasoc_2020_en_4592,NOT
1127004812346785793,hasoc_2020_en_356,HOF
1126888567228080129,hasoc_2020_en_4090,HOF
1126753187661209601,hasoc_2020_en_4209,HOF
1126821412235370496,hasoc_2020_en_5364,NOT
1123535162468327424,hasoc_2020_en_5192,HOF
1130200091854299142,hasoc_2020_en_4955,HOF
1123733162985775105,hasoc_2020_en_2714,NOT
1123649083942375424,hasoc_2020_en_4483,NOT
1123785927309045761,hasoc_2020_en_948,HOF
1123800800323604480,hasoc_2020_en_2234,NOT
1130311375157379073,hasoc_2020_en_1386,HOF
1126934767507611651,hasoc_2020_en_3876,HOF
1126913313605136389,hasoc_2020_en_4506,HOF
1126982989387304961,hasoc_2020_en_3068,HOF
1123715983108079617,hasoc_2020_en_2445,NOT
1126965700487274497,hasoc_2020_en_597,NOT
1123646135372062720,hasoc_2020_en_99,NOT
1127044096202133504,hasoc_2020_en_1557,HOF
1130333852403163137,hasoc_2020_en_619,HOF
1130003148314071040,hasoc_2020_en_5131,HOF
1123654196807512064,hasoc_2020_en_5293,NOT
1130011973146439680,hasoc_2020_en_1903,NOT
1123739777373745155,hasoc_2020_en_1040,NOT
1130279401952665600,hasoc_2020_en_699,NOT
1123575855609860096,hasoc_2020_en_1678,HOF
1126981483636203520,hasoc_2020_en_2898,NOT
1126755972683141120,hasoc_2020_en_361,HOF
1130213253605482504,hasoc_2020_en_481,HOF
1130159503599689730,hasoc_2020_en_3318,HOF
1130304689440997382,hasoc_2020_en_4803,HOF
1126930438986006529,hasoc_2020_en_1601,NOT
1130215287821864960,hasoc_2020_en_595,NOT
1126988970477228032,hasoc_2020_en_4952,NOT
1127074039359361024,hasoc_2020_en_3514,HOF
1123601147246317569,hasoc_2020_en_5165,NOT
1123804621309452293,hasoc_2020_en_4622,HOF
1130185395017322497,hasoc_2020_en_1660,NOT
1127070428067979265,hasoc_2020_en_2052,NOT
1123511007454871552,hasoc_2020_en_2449,HOF
1130265405589581824,hasoc_2020_en_4195,NOT
1126859823658594306,hasoc_2020_en_1062,NOT
1126886260382027776,hasoc_2020_en_4487,HOF
1123726464652849153,hasoc_2020_en_4689,NOT
1123673918424920069,hasoc_2020_en_1478,NOT
1126887837440385026,hasoc_2020_en_3212,HOF
1130217737320583168,hasoc_2020_en_264,HOF
1127054703605485569,hasoc_2020_en_3609,HOF
1130297634625691648,hasoc_2020_en_592,HOF
1130206349781065730,hasoc_2020_en_3564,HOF
1126871899059961858,hasoc_2020_en_1280,HOF
1130137886156894209,hasoc_2020_en_4230,NOT
1123618218059243520,hasoc_2020_en_2870,HOF
1130277858474115073,hasoc_2020_en_1159,HOF
1126845051341029376,hasoc_2020_en_3722,HOF
1123599268223299585,hasoc_2020_en_3268,NOT
1126843084178886656,hasoc_2020_en_3280,NOT
1126871215405137921,hasoc_2020_en_3606,HOF
1130035343816740864,hasoc_2020_en_3747,NOT
1126847077193961473,hasoc_2020_en_1756,HOF
1123755828979339267,hasoc_2020_en_4961,NOT
1126851212761026560,hasoc_2020_en_4110,HOF
1127037842507673600,hasoc_2020_en_4557,HOF
1130341666416496641,hasoc_2020_en_2580,NOT
1126786792450023424,hasoc_2020_en_2585,HOF
1126903549294551040,hasoc_2020_en_1714,HOF
1123532855592869889,hasoc_2020_en_1845,NOT
1123538329180327936,hasoc_2020_en_4294,HOF
1123816390530613248,hasoc_2020_en_3052,HOF
1127071086561116160,hasoc_2020_en_4352,HOF
1123685888968548353,hasoc_2020_en_3042,HOF
1126828517386215424,hasoc_2020_en_2480,HOF
1123536575948886017,hasoc_2020_en_3513,HOF
1123704100628176900,hasoc_2020_en_3781,HOF
1123720496183377921,hasoc_2020_en_3923,HOF
1123740142295035905,hasoc_2020_en_4311,NOT
1123711071557234692,hasoc_2020_en_457,NOT
1123510709663477763,hasoc_2020_en_1671,HOF
1126821831657295873,hasoc_2020_en_1915,HOF
1123756906919661568,hasoc_2020_en_2113,NOT
1130229091272155138,hasoc_2020_en_4959,HOF
1123630880667373573,hasoc_2020_en_2626,HOF
1130285852804960262,hasoc_2020_en_128,NOT
1123571606780088320,hasoc_2020_en_3721,NOT
1123616385169383424,hasoc_2020_en_3519,NOT
1130324943730823174,hasoc_2020_en_5281,NOT
1126884586842095617,hasoc_2020_en_2128,HOF
1126979147438403590,hasoc_2020_en_2691,HOF
1126895139719245825,hasoc_2020_en_4335,HOF
1123773751236145152,hasoc_2020_en_549,NOT
1130138230077026304,hasoc_2020_en_3650,NOT
1123669774456762369,hasoc_2020_en_4016,NOT
1123669136910032897,hasoc_2020_en_2853,NOT
1127006582343127042,hasoc_2020_en_3319,NOT
1130148464174743552,hasoc_2020_en_3034,NOT
1130120215566704640,hasoc_2020_en_278,HOF
1126847635019714560,hasoc_2020_en_3452,HOF
1123787038820634624,hasoc_2020_en_1255,HOF
1123792428488646657,hasoc_2020_en_1854,NOT
1123777442248908800,hasoc_2020_en_1605,HOF
1123590246245879809,hasoc_2020_en_3641,HOF
1123567253092470784,hasoc_2020_en_2219,NOT
1127076602075078656,hasoc_2020_en_1298,HOF
1127046008834158592,hasoc_2020_en_4988,NOT
1123591978501804032,hasoc_2020_en_3028,NOT
1127078787315847168,hasoc_2020_en_387,HOF
1123474525390352384,hasoc_2020_en_1751,NOT
1130110946133848064,hasoc_2020_en_2201,NOT
1127029529397084160,hasoc_2020_en_403,HOF
1126839422580871169,hasoc_2020_en_1085,NOT
1123653777385562112,hasoc_2020_en_1801,HOF
1123577126471569409,hasoc_2020_en_839,HOF
1126772242392608768,hasoc_2020_en_2135,HOF
1130211693311668224,hasoc_2020_en_2022,HOF
1127038798813106180,hasoc_2020_en_1524,HOF
1130172837279481857,hasoc_2020_en_684,HOF
1127081668777582594,hasoc_2020_en_1288,NOT
1126946155043143681,hasoc_2020_en_4085,NOT
1130327363819118594,hasoc_2020_en_284,NOT
1123555504838586368,hasoc_2020_en_685,NOT
1123539570660823040,hasoc_2020_en_2162,NOT
1126740155996332032,hasoc_2020_en_500,HOF
1123765542983278593,hasoc_2020_en_2983,NOT
1126870917618053121,hasoc_2020_en_4849,HOF
1123728322763083776,hasoc_2020_en_2559,HOF
1130319105255305216,hasoc_2020_en_1857,HOF
1130240885667581952,hasoc_2020_en_1135,HOF
1130304794286010368,hasoc_2020_en_1313,HOF
1127051901814693888,hasoc_2020_en_651,NOT
1130125655558033408,hasoc_2020_en_1685,HOF
1123588153317527552,hasoc_2020_en_58,NOT
1126850491353391105,hasoc_2020_en_2063,HOF
1130085499282944006,hasoc_2020_en_5115,NOT
1127061607433900032,hasoc_2020_en_1212,NOT
1123685826074951681,hasoc_2020_en_3435,HOF
1126882552587927552,hasoc_2020_en_3987,NOT
1130294488859996160,hasoc_2020_en_1176,NOT
1130111650780991493,hasoc_2020_en_1937,NOT
